[{"id":"6281328139683@s.whatsapp.net","name":"Rafli Maulan","age":"ce52ecfb5f7941737037"},{"id":"6289630157601@s.whatsapp.net","name":"RaxzyXxx!!!","age":"975b887dd8e1902fcc71"},{"id":"6285823652673@s.whatsapp.net","name":"ECTOMORPH","age":"1c1dfd399e1defc30446"},{"id":"918138898059@s.whatsapp.net","name":"mm","age":"ba040490d3de3a70f12b"},{"id":"6282129784415@s.whatsapp.net","name":"Yourname","age":"a07df60259a01e82655a"},{"id":"6283123428994@s.whatsapp.net","name":"Alva","age":"3534cadb823c5d96fbf7"},{"id":"6283867789870@s.whatsapp.net","name":"FLIX BOT AI","age":"d5c28e27650382d2f89c"},{"id":"6285668192643@s.whatsapp.net","name":"Cloud","age":"7f3b4a3b6e805377a3a3"},{"id":"6281328954982@s.whatsapp.net","name":"@sampun_penak","age":"8aee4548e95479cd5250"},{"id":"6285720627097@s.whatsapp.net","name":"y","age":"348a4893c7a40bd798cf"},{"id":"6283869616191@s.whatsapp.net","name":"Hexx","age":"5c1640adf5e5acafbdc3"},{"id":"6281328139682@s.whatsapp.net","name":"Rafli Maulan","age":"d6cd05f2f61b532041bd"},{"id":"62881025791181@s.whatsapp.net","name":"Fakhri Arya Dzaki","age":"3e5b164188445d444657"},{"id":"6283862923611@s.whatsapp.net","name":"Coby♞","age":"959c9ec5c70e91574fec"}]